KIN ID,First Name,Last Name,Email
200,Elise,Wilder,sample@email.com
201,Roman,Hayes,sample@email.com
202,Faye,Remington,sample@email.com
203,Caspian,Lowe,sample@email.com
204,Etta,Monroe,sample@email.com
205,Griffin,Cross,sample@email.com
206,Ivy,Mathis,sample@email.com
207,Orin,Hale,sample@email.com
208,Elara,Clarke,sample@email.com
209,Caden,Foster,sample@email.com
210,Liana,Grey,sample@email.com
211,Holden,Drake,sample@email.com
212,Isolde,Finch,sample@email.com
213,Paxton,Whitmore,sample@email.com
214,Seren,Hayes,sample@email.com
215,Zander,Lake,sample@email.com
216,Lyra,Harlan,sample@email.com
217,Reeve,Walton,sample@email.com
218,Marigold,Shaw,sample@email.com
219,Bowen,Gray,sample@email.com
220,Elysia,Hale,sample@email.com
221,Luca,Monroe,sample@email.com
222,Naya,Reid,sample@email.com
223,Maxton,Carter,sample@email.com
224,Opal,Tate,sample@email.com
225,Zephyr,Bowen,sample@email.com
226,Alina,Morgan,sample@email.com
227,Lachlan,Woods,sample@email.com
228,Talia,Drake,sample@email.com
229,Theron,Hale,sample@email.com
230,Sylvie,Reid,sample@email.com
231,Atlas,Vaughn,sample@email.com
232,Elinor,Fields,sample@email.com
233,Sterling,Voss,sample@email.com
234,Livia,Hart,sample@email.com
235,Arden,Lowe,sample@email.com
236,Rhett,Palmer,sample@email.com
237,Verona,Maddox,sample@email.com
238,Declan,Reed,sample@email.com
239,Amara,Hayes,sample@email.com
240,Owen,Frost,sample@email.com
241,Brielle,Larson,sample@email.com
242,Kael,Montgomery,sample@email.com
243,Odalys,Quinn,sample@email.com
244,Soren,Beck,sample@email.com
245,Astrid,Maddox,sample@email.com
246,Drake,Langston,sample@email.com
247,Maeva,Price,sample@email.com
248,Camden,Lang,sample@email.com
249,Aurora,Vale,sample@email.com
250,Eamon,Hart,sample@email.com
251,Ember,Whitman,sample@email.com
252,Tristan,March,sample@email.com
253,Isla,Nairn,sample@email.com
254,Warren,Hayes,sample@email.com
255,Paloma,Quinn,sample@email.com
256,Rowan,Tate,sample@email.com
257,Vivienne,Bell,sample@email.com
258,Everett,Lewis,sample@email.com
259,Leona,Shaw,sample@email.com
260,Griffin,Vaughn,sample@email.com
261,Sylvia,Rhodes,sample@email.com
262,Linden,Fox,sample@email.com
263,Freya,Bell,sample@email.com
264,Beckett,Monroe,sample@email.com
265,Cora,Haynes,sample@email.com
266,Wilder,Finch,sample@email.com
267,Mira,Langston,sample@email.com
268,Evander,Brooks,sample@email.com
269,June,Preston,sample@email.com
270,Damian,Walker,sample@email.com
271,Celine,Frost,sample@email.com
272,Arlo,Whitney,sample@email.com
273,Nora,Calloway,sample@email.com
274,Wyatt,Banks,sample@email.com
275,Juniper,Carr,sample@email.com
276,Thorne,Hale,sample@email.com
277,Emilia,Rhodes,sample@email.com
278,Sterling,Ross,sample@email.com
279,Esme,Taylor,sample@email.com
280,Madden,Blake,sample@email.com
281,Hazel,Brooks,sample@email.com
282,Valen,Barrett,sample@email.com
283,Sable,Wyatt,sample@email.com
284,Quinlan,Moss,sample@email.com
285,Lyla,Hale,sample@email.com
286,Camden,Wells,sample@email.com
287,Ruby,Tate,sample@email.com
288,Thayer,Weston,sample@email.com
289,Iris,Knox,sample@email.com
290,Callen,Brooks,sample@email.com
291,Mira,Wallace,sample@email.com
292,Arlen,Finn,sample@email.com
293,Ivy,Winslow,sample@email.com
294,Jasper,Cade,sample@email.com
295,Faye,Carrington,sample@email.com
296,Orion,Vale,sample@email.com
297,Nova,Dane,sample@email.com
298,Theron,Walsh,sample@email.com
299,Leila,Palmer,sample@email.com
300,Roman,Hayes,sample@email.com
301,Maelis,Clark,sample@email.com
302,Sterling,Finch,sample@email.com
303,Nora,Valdez,sample@email.com
304,Gideon,Shaw,sample@email.com
305,Seraphina,Vaughn,sample@email.com
306,Landon,Bell,sample@email.com
307,Sylvia,Watts,sample@email.com
308,Raine,Taylor,sample@email.com
309,Lochlan,Drake,sample@email.com
310,Alba,Caldwell,sample@email.com
311,Jaxon,Frost,sample@email.com
312,Ivy,Quinn,sample@email.com
313,Silas,McCoy,sample@email.com
314,Rowan,Tate,sample@email.com
315,Eden,Lewis,sample@email.com
316,Thorne,Fields,sample@email.com
317,Iris,Walker,sample@email.com
318,Cassian,Vaughn,sample@email.com
319,Talia,Morgan,sample@email.com
320,Everett,Vaughn,sample@email.com
321,Flora,Harrison,sample@email.com
322,Orion,Maddox,sample@email.com
323,Sage,Bowman,sample@email.com
324,Adeline,Morgan,sample@email.com
325,Wilder,Hayes,sample@email.com
326,Esme,Caden,sample@email.com
327,Arwen,Palmer,sample@email.com
328,Finn,Douglas,sample@email.com
329,Etta,Collins,sample@email.com
330,Cassian,Fields,sample@email.com
331,Rhea,Vaughn,sample@email.com
332,Weston,Hall,sample@email.com
333,Vivian,Morris,sample@email.com
334,Arlo,Drake,sample@email.com
335,Isla,Monroe,sample@email.com
336,Lachlan,Brooks,sample@email.com
337,Sage,Vaughn,sample@email.com
338,Maeve,Hale,sample@email.com
339,Theo,Lewis,sample@email.com
340,Leona,Carr,sample@email.com
341,Jaxon,Finch,sample@email.com
342,Isla,Whitmore,sample@email.com
343,Westin,Vaughn,sample@email.com
344,Celine,Hale,sample@email.com
345,Rowan,Maddox,sample@email.com
346,Orion,Fox,sample@email.com
347,Talia,Ross,sample@email.com
348,Wade,Harlan,sample@email.com
349,Zoey,Walton,sample@email.com
350,Orion,Beckett,sample@email.com
351,Raina,Taylor,sample@email.com
352,Blake,Caldwell,sample@email.com
353,Nova,Lane,sample@email.com
354,Sterling,Vaughn,sample@email.com
355,Jaxon,Brooks,sample@email.com
356,Maeve,Vaughn,sample@email.com
357,Alaric,Scott,sample@email.com
358,Eden,Reed,sample@email.com
359,Zane,Whitmore,sample@email.com
360,Esme,Walker,sample@email.com
361,Rowan,Tate,sample@email.com
362,Hazel,Reed,sample@email.com
363,Axel,Monroe,sample@email.com
364,Brielle,Knox,sample@email.com
365,Caden,McCoy,sample@email.com
366,Vera,Walker,sample@email.com
367,Theron,Langston,sample@email.com
368,Adair,Winslow,sample@email.com
369,Holden,Fox,sample@email.com
370,Aurelia,Scott,sample@email.com
371,Sage,Tate,sample@email.com
372,Roman,Shaw,sample@email.com
373,Mira,Lewis,sample@email.com
374,Wilder,Hart,sample@email.com
375,Raina,Whitman,sample@email.com
376,Finn,Maddox,sample@email.com
377,Ivy,Stone,sample@email.com
378,Theo,Whitman,sample@email.com
379,Ember,Hale,sample@email.com
380,Bryce,Landon,sample@email.com
381,Freya,Scott,sample@email.com
382,Orion,Taylor,sample@email.com
383,Elara,Hart,sample@email.com
384,Eamon,Shaw,sample@email.com
385,Sage,Frost,sample@email.com
386,Lachlan,Vaughn,sample@email.com
387,Tessa,Maddox,sample@email.com
388,Evander,Whitmore,sample@email.com
389,Zara,Vaughn,sample@email.com
390,Callum,Cross,sample@email.com
391,Isla,Harlan,sample@email.com
392,Weston,Stone,sample@email.com
393,Lyra,Walker,sample@email.com
394,Sterling,Knox,sample@email.com
395,Aurelia,Fox,sample@email.com
396,Knox,Reed,sample@email.com
397,Laurel,Tate,sample@email.com
398,Thorne,Hayes,sample@email.com
399,Elise,Vaughn,sample@email.com