Mentee ID,Mentee Name
0,Aurora Sinclair
1,Kai Thompson
2,Evander Mason
3,Seraphina Whitmore
4,Leif Branson
5,Thalia Rivera
6,Orion Huxley
7,Alaric Devereaux
8,Isolde Kensington
9,Lysander Ellison
10,Cassia Bloom
11,Eamon Fitzgerald
12,Nyla Winters
13,Soren Voss
14,Calista Morgan
15,Zephyr Larson
16,Liora Valente
17,Amara Lindholm
18,Kieran Westbrook
19,Freya Langford
20,Elowen March
21,Rhys Hamilton
22,Azura Wakefield
23,Dorian Astor
24,Maelis Calder
25,Ren Beaumont
26,Zinnia Greer
27,Cassian Delaney
28,Elara Hastings
29,Idris Monteiro
30,Sabine Rojas
31,Thorne Bishop
32,Mireille Duchamp
33,Caelan Forrest
34,Lyra Emerson
35,Corin Hartford
36,Sable Preston
37,Dante Lyons
38,Isara Carver
39,Rowan Grayson
40,Teagan Miles
41,Elyria Page
42,Lysandra Shore
43,Orrin Fletcher
44,Amira Santos
45,Calix Vaughn
46,Solara Avery
47,Dax Remington
48,Elowyn Reed
49,Silas Porter
50,Veda McAllister
51,Fenella Hayes
52,Alistair Cruz
53,Orla Hennessy
54,Rylan Hart
55,Inara Townsend
56,Zev Caldwell
57,Briar Logan
58,Hadrian Leclair
59,Elysia Compton
60,Theron Wells
61,Kaida Lawson
62,Mirabel Quinn
63,Taryn Russell
64,Xander Morrison
65,Amelie Woodward
66,Evadne Sawyer
67,Declan Frost
68,Juniper Holt
69,Elara Finch
70,Rowan Sinclair
71,Evangeline Hart
72,Wilder Vaughn
73,Alina Kendrick
74,Thorne Huxley
75,Aisling Knight
76,Raine Calloway
77,Caelum Ashton
78,Cecily Monroe
79,Griffin Tanner
80,Imogen Castor
81,Nova Belmont
82,Jareth Blake
83,Calista Brooks
84,Leona Pierce
85,Lachlan Gray
86,Siobhan Neal
87,Emerson Wren
88,Fabian Walker
89,Zara Page
90,Kellan Stark
91,Mirren Cole
92,Halcyon Ward
93,Valencia Sterling
94,Renata Fox
95,Damian Wells
96,Alessia Stone
97,Iver Holden
98,Sabine Foster
99,Archer Dalton
100,Odette Lane
101,Tiberius Walsh
102,Callum Reeve
103,Luna Hale
104,Cillian Frost
105,Ember Larkin
106,Orion King
107,Jocelyn Duke
108,Valen Carter
109,Seren Locke
110,Maxton Hayes
111,Phoebe Greer
112,Darian Hunt
113,Nara Wilder
114,Rowan Brice
115,Zinnia Bennett
116,Adair Russell
117,Teague Sutton
118,Aviana Fields
119,Elias Brooks
120,Nerissa Blake
121,Finn Callahan
122,Tamsin Rowe
123,Keegan Stone
124,Verona Wells
125,Livia Madden
126,Holden Hart
127,Mila Gable
128,Atlas Sinclair
129,Arden Black
130,Roman Beck
131,Selene Moon
132,Wilder Vaughn
133,Helena Locke
134,Tristan Blake
135,Esme Vaughn
136,Kaelan Ashford
137,Vivienne King
138,Desmond Swift
139,Aveline Kerr
140,Rowan Gray
141,Elara Monroe
142,Daxton McCoy
143,Lilith Hale
144,Bowen Hayes
145,Anais Bell
146,Torin Knight
147,Sabina Wilder
148,Daria Wren
149,Keir Holt
150,Fenley Hale
151,Briar Vaughn
152,Mathis Finch
153,Lyric Frost
154,Lennox Greer
155,Mira Calloway
156,Jaxson Wood
157,Maia Rivers
158,Sterling Quinn
159,Thorne Maxwell
160,Ivy Hart
161,Callen Paige
162,Faye Emerson
163,Quincy Bishop
164,Brynn Sutherland
165,Ashton Blake
166,Coraline Quinn
167,Everett Walsh
168,Marina Stone
169,Jaxon Reeves
170,Rhiannon Hale
171,Declan West
172,Fleur Hastings
173,Caiden Locke
174,Arden Walsh
175,Zara Bennett
176,Gideon Stone
177,Liana Frost
178,Kane Oâ€™Hara
179,Ember Whitfield
180,Orion Maxwell
181,Ivy Ward
182,Sawyer Lennox
183,Tessa Bloom
184,Damien Walsh
185,Lilia Fox
186,Beckett Hayes
187,Rowan Field
188,Sable Knox
189,Asher Vaughn
190,Maris Wilder
191,Elias Drake
192,Vera McCoy
193,Weston Hale
194,Luna Vaughn
195,Jasper Knight
196,Calla Morrison
197,Torin Frost
198,Farrah Knight
199,Dorian Locke