Mentor ID,Mentor Name
0,Elise Wilder
1,Roman Hayes
2,Faye Remington
3,Caspian Lowe
4,Etta Monroe
5,Griffin Cross
6,Ivy Mathis
7,Orin Hale
8,Elara Clarke
9,Caden Foster
10,Liana Grey
11,Holden Drake
12,Isolde Finch
13,Paxton Whitmore
14,Seren Hayes
15,Zander Lake
16,Lyra Harlan
17,Reeve Walton
18,Marigold Shaw
19,Bowen Gray
20,Elysia Hale
21,Luca Monroe
22,Naya Reid
23,Maxton Carter
24,Opal Tate
25,Zephyr Bowen
26,Alina Morgan
27,Lachlan Woods
28,Talia Drake
29,Theron Hale
30,Sylvie Reid
31,Atlas Vaughn
32,Elinor Fields
33,Sterling Voss
34,Livia Hart
35,Arden Lowe
36,Rhett Palmer
37,Verona Maddox
38,Declan Reed
39,Amara Hayes
40,Owen Frost
41,Brielle Larson
42,Kael Montgomery
43,Odalys Quinn
44,Soren Beck
45,Astrid Maddox
46,Drake Langston
47,Maeva Price
48,Camden Lang
49,Aurora Vale
50,Eamon Hart
51,Ember Whitman
52,Tristan March
53,Isla Nairn
54,Warren Hayes
55,Paloma Quinn
56,Rowan Tate
57,Vivienne Bell
58,Everett Lewis
59,Leona Shaw
60,Griffin Vaughn
61,Sylvia Rhodes
62,Linden Fox
63,Freya Bell
64,Beckett Monroe
65,Cora Haynes
66,Wilder Finch
67,Mira Langston
68,Evander Brooks
69,June Preston
70,Damian Walker
71,Celine Frost
72,Arlo Whitney
73,Nora Calloway
74,Wyatt Banks
75,Juniper Carr
76,Thorne Hale
77,Emilia Rhodes
78,Sterling Ross
79,Esme Taylor
80,Madden Blake
81,Hazel Brooks
82,Valen Barrett
83,Sable Wyatt
84,Quinlan Moss
85,Lyla Hale
86,Camden Wells
87,Ruby Tate
88,Thayer Weston
89,Iris Knox
90,Callen Brooks
91,Mira Wallace
92,Arlen Finn
93,Ivy Winslow
94,Jasper Cade
95,Faye Carrington
96,Orion Vale
97,Nova Dane
98,Theron Walsh
99,Leila Palmer
100,Roman Hayes
101,Maelis Clark
102,Sterling Finch
103,Nora Valdez
104,Gideon Shaw
105,Seraphina Vaughn
106,Landon Bell
107,Sylvia Watts
108,Raine Taylor
109,Lochlan Drake
110,Alba Caldwell
111,Jaxon Frost
112,Ivy Quinn
113,Silas McCoy
114,Rowan Tate
115,Eden Lewis
116,Thorne Fields
117,Iris Walker
118,Cassian Vaughn
119,Talia Morgan
120,Everett Vaughn
121,Flora Harrison
122,Orion Maddox
123,Sage Bowman
124,Adeline Morgan
125,Wilder Hayes
126,Esme Caden
127,Arwen Palmer
128,Finn Douglas
129,Etta Collins
130,Cassian Fields
131,Rhea Vaughn
132,Weston Hall
133,Vivian Morris
134,Arlo Drake
135,Isla Monroe
136,Lachlan Brooks
137,Sage Vaughn
138,Maeve Hale
139,Theo Lewis
140,Leona Carr
141,Jaxon Finch
142,Isla Whitmore
143,Westin Vaughn
144,Celine Hale
145,Rowan Maddox
146,Orion Fox
147,Talia Ross
148,Wade Harlan
149,Zoey Walton
150,Orion Beckett
151,Raina Taylor
152,Blake Caldwell
153,Nova Lane
154,Sterling Vaughn
155,Jaxon Brooks
156,Maeve Vaughn
157,Alaric Scott
158,Eden Reed
159,Zane Whitmore
160,Esme Walker
161,Rowan Tate
162,Hazel Reed
163,Axel Monroe
164,Brielle Knox
165,Caden McCoy
166,Vera Walker
167,Theron Langston
168,Adair Winslow
169,Holden Fox
170,Aurelia Scott
171,Sage Tate
172,Roman Shaw
173,Mira Lewis
174,Wilder Hart
175,Raina Whitman
176,Finn Maddox
177,Ivy Stone
178,Theo Whitman
179,Ember Hale
180,Bryce Landon
181,Freya Scott
182,Orion Taylor
183,Elara Hart
184,Eamon Shaw
185,Sage Frost
186,Lachlan Vaughn
187,Tessa Maddox
188,Evander Whitmore
189,Zara Vaughn
190,Callum Cross
191,Isla Harlan
192,Weston Stone
193,Lyra Walker
194,Sterling Knox
195,Aurelia Fox
196,Knox Reed
197,Laurel Tate
198,Thorne Hayes
199,Elise Vaughn